{"assets/config/.env":["assets/config/.env"],"assets/font/NPSfont_regular.ttf":["assets/font/NPSfont_regular.ttf"],"assets/font/Pretendard-Black.ttf":["assets/font/Pretendard-Black.ttf"],"assets/font/Pretendard-Bold.ttf":["assets/font/Pretendard-Bold.ttf"],"assets/font/Pretendard-ExtraBold.ttf":["assets/font/Pretendard-ExtraBold.ttf"],"assets/font/Pretendard-ExtraLight.ttf":["assets/font/Pretendard-ExtraLight.ttf"],"assets/font/Pretendard-Light.ttf":["assets/font/Pretendard-Light.ttf"],"assets/font/Pretendard-Medium.ttf":["assets/font/Pretendard-Medium.ttf"],"assets/font/Pretendard-Regular.ttf":["assets/font/Pretendard-Regular.ttf"],"assets/font/Pretendard-SemiBold.ttf":["assets/font/Pretendard-SemiBold.ttf"],"assets/font/Pretendard-Thin.ttf":["assets/font/Pretendard-Thin.ttf"],"assets/images/Camera.png":["assets/images/Camera.png"],"assets/images/Car.png":["assets/images/Car.png"],"assets/images/DollarCoin.png":["assets/images/DollarCoin.png"],"assets/images/Location.png":["assets/images/Location.png"],"assets/images/Today.png":["assets/images/Today.png"],"assets/images/User.png":["assets/images/User.png"],"assets/images/additional.png":["assets/images/additional.png"],"assets/images/calendar.png":["assets/images/calendar.png"],"assets/images/cancel.png":["assets/images/cancel.png"],"assets/images/carDriver.png":["assets/images/carDriver.png"],"assets/images/change.png":["assets/images/change.png"],"assets/images/handPhone.png":["assets/images/handPhone.png"],"assets/images/hicarcom.ico":["assets/images/hicarcom.ico"],"assets/images/hicarcom.png":["assets/images/hicarcom.png"],"assets/images/icon.png":["assets/images/icon.png"],"assets/images/icon1.png":["assets/images/icon1.png"],"assets/images/logi.png":["assets/images/logi.png"],"assets/images/logo.png":["assets/images/logo.png"],"assets/images/mainPageCar.png":["assets/images/mainPageCar.png"],"assets/images/manual_page-0001.jpg":["assets/images/manual_page-0001.jpg"],"assets/images/manual_page-0002.jpg":["assets/images/manual_page-0002.jpg"],"assets/images/manual_page-0003.jpg":["assets/images/manual_page-0003.jpg"],"assets/images/manual_page-0004.jpg":["assets/images/manual_page-0004.jpg"],"assets/images/manual_page-0005.jpg":["assets/images/manual_page-0005.jpg"],"assets/images/mapLocation.png":["assets/images/mapLocation.png"],"assets/images/unknown.png":["assets/images/unknown.png"],"packages/cupertino_icons/assets/CupertinoIcons.ttf":["packages/cupertino_icons/assets/CupertinoIcons.ttf"],"packages/fluent_ui/assets/AcrylicNoise.png":["packages/fluent_ui/assets/AcrylicNoise.png"],"packages/fluent_ui/fonts/FluentIcons.ttf":["packages/fluent_ui/fonts/FluentIcons.ttf"],"packages/flutter_inappwebview/assets/t_rex_runner/t-rex.css":["packages/flutter_inappwebview/assets/t_rex_runner/t-rex.css"],"packages/flutter_inappwebview/assets/t_rex_runner/t-rex.html":["packages/flutter_inappwebview/assets/t_rex_runner/t-rex.html"],"packages/flutter_inappwebview_web/assets/web/web_support.js":["packages/flutter_inappwebview_web/assets/web/web_support.js"],"packages/flutter_naver_map/assets/icon/location_overlay_icon.png":["packages/flutter_naver_map/assets/icon/location_overlay_icon.png"],"packages/flutter_naver_map/assets/icon/location_overlay_sub_icon.png":["packages/flutter_naver_map/assets/icon/location_overlay_sub_icon.png"],"packages/flutter_naver_map/assets/icon/location_overlay_sub_icon_face.png":["packages/flutter_naver_map/assets/icon/location_overlay_sub_icon_face.png"],"packages/font_awesome_flutter/lib/fonts/fa-brands-400.ttf":["packages/font_awesome_flutter/lib/fonts/fa-brands-400.ttf"],"packages/font_awesome_flutter/lib/fonts/fa-regular-400.ttf":["packages/font_awesome_flutter/lib/fonts/fa-regular-400.ttf"],"packages/font_awesome_flutter/lib/fonts/fa-solid-900.ttf":["packages/font_awesome_flutter/lib/fonts/fa-solid-900.ttf"],"packages/syncfusion_flutter_datagrid/assets/font/FilterIcon.ttf":["packages/syncfusion_flutter_datagrid/assets/font/FilterIcon.ttf"],"packages/syncfusion_flutter_datagrid/assets/font/UnsortIcon.ttf":["packages/syncfusion_flutter_datagrid/assets/font/UnsortIcon.ttf"],"packages/window_manager/images/ic_chrome_close.png":["packages/window_manager/images/ic_chrome_close.png"],"packages/window_manager/images/ic_chrome_maximize.png":["packages/window_manager/images/ic_chrome_maximize.png"],"packages/window_manager/images/ic_chrome_minimize.png":["packages/window_manager/images/ic_chrome_minimize.png"],"packages/window_manager/images/ic_chrome_unmaximize.png":["packages/window_manager/images/ic_chrome_unmaximize.png"]}