[{"family":"MaterialIcons","fonts":[{"asset":"fonts/MaterialIcons-Regular.otf"}]},{"family":"NPSfont","fonts":[{"asset":"assets/font/NPSfont_regular.ttf"}]},{"family":"Pretendard","fonts":[{"weight":100,"asset":"assets/font/Pretendard-Thin.ttf"},{"weight":200,"asset":"assets/font/Pretendard-ExtraLight.ttf"},{"weight":300,"asset":"assets/font/Pretendard-Light.ttf"},{"weight":400,"asset":"assets/font/Pretendard-Regular.ttf"},{"weight":500,"asset":"assets/font/Pretendard-Medium.ttf"},{"weight":600,"asset":"assets/font/Pretendard-SemiBold.ttf"},{"weight":700,"asset":"assets/font/Pretendard-Bold.ttf"},{"weight":800,"asset":"assets/font/Pretendard-ExtraBold.ttf"},{"weight":900,"asset":"assets/font/Pretendard-Black.ttf"}]},{"family":"packages/cupertino_icons/CupertinoIcons","fonts":[{"asset":"packages/cupertino_icons/assets/CupertinoIcons.ttf"}]},{"family":"packages/fluent_ui/FluentIcons","fonts":[{"asset":"packages/fluent_ui/fonts/FluentIcons.ttf"}]},{"family":"packages/font_awesome_flutter/FontAwesomeBrands","fonts":[{"weight":400,"asset":"packages/font_awesome_flutter/lib/fonts/fa-brands-400.ttf"}]},{"family":"packages/font_awesome_flutter/FontAwesomeRegular","fonts":[{"weight":400,"asset":"packages/font_awesome_flutter/lib/fonts/fa-regular-400.ttf"}]},{"family":"packages/font_awesome_flutter/FontAwesomeSolid","fonts":[{"weight":900,"asset":"packages/font_awesome_flutter/lib/fonts/fa-solid-900.ttf"}]},{"family":"packages/syncfusion_flutter_datagrid/UnsortIcon","fonts":[{"asset":"packages/syncfusion_flutter_datagrid/assets/font/UnsortIcon.ttf"}]},{"family":"packages/syncfusion_flutter_datagrid/FilterIcon","fonts":[{"asset":"packages/syncfusion_flutter_datagrid/assets/font/FilterIcon.ttf"}]}]